{
  "annotations": {
    "list": [
      {
        "builtIn": 1,
        "datasource": "-- Grafana --",
        "enable": true,
        "hide": true,
        "iconColor": "rgba(0, 211, 255, 1)",
        "name": "Annotations & Alerts",
        "type": "dashboard"
      }
    ]
  },
  "editable": true,
  "gnetId": null,
  "graphTooltip": 0,
  "iteration": 1623959585344,
  "links": [],
  "panels": [
    {
      "aliasColors": {},
      "bars": false,
      "dashLength": 10,
      "dashes": false,
      "datasource": null,
      "fieldConfig": {
        "defaults": {},
        "overrides": []
      },
      "fill": 1,
      "fillGradient": 0,
      "gridPos": {
        "h": 8,
        "w": 24,
        "x": 0,
        "y": 0
      },
      "hiddenSeries": false,
      "id": 2,
      "legend": {
        "avg": false,
        "current": false,
        "max": false,
        "min": false,
        "show": true,
        "total": false,
        "values": false
      },
      "lines": true,
      "linewidth": 1,
      "nullPointMode": "null",
      "options": {
        "alertThreshold": true
      },
      "percentage": false,
      "pluginVersion": "",
      "pointradius": 2,
      "points": false,
      "renderer": "flot",
      "seriesOverrides": [],
      "spaceLength": 10,
      "stack": false,
      "steppedLine": false,
      "targets": [
        {
          "exemplar": true,
          "expr": "sum(rate(queue_gc_process_failure{job=\"cockroachdb\",cluster=\"$cluster\",instance=~\"$node\"}[$__rate_interval]))",
          "hide": false,
          "interval": "",
          "legendFormat": "GC",
          "refId": "H"
        },
        {
          "exemplar": true,
          "expr": "sum(rate(queue_replicagc_process_failure{job=\"cockroachdb\",cluster=\"$cluster\",instance=~\"$node\"}[$__rate_interval]))",
          "interval": "",
          "intervalFactor": 2,
          "legendFormat": "Replica GC",
          "refId": "A"
        },
        {
          "exemplar": true,
          "expr": "sum(rate(queue_replicate_process_failure{job=\"cockroachdb\", cluster=\"$cluster\",instance=~\"$node\"}[$__rate_interval]))",
          "interval": "",
          "intervalFactor": 2,
          "legendFormat": "Replication",
          "refId": "B"
        },
        {
          "exemplar": true,
          "expr": "sum(rate(queue_split_process_failure{job=\"cockroachdb\", cluster=\"$cluster\",instance=~\"$node\"}[$__rate_interval]))",
          "interval": "",
          "intervalFactor": 2,
          "legendFormat": "Split",
          "refId": "C"
        },
        {
          "exemplar": true,
          "expr": "sum(rate(queue_consistency_process_failure{job=\"cockroachdb\", cluster=\"$cluster\",instance=~\"$node\"}[$__rate_interval]))",
          "interval": "",
          "intervalFactor": 2,
          "legendFormat": "Consistency",
          "refId": "D"
        },
        {
          "exemplar": true,
          "expr": "sum(rate(queue_raftlog_process_failure{job=\"cockroachdb\", cluster=\"$cluster\",instance=~\"$node\"}[$__rate_interval]))",
          "interval": "",
          "intervalFactor": 2,
          "legendFormat": "Raft Log",
          "refId": "E"
        },
        {
          "exemplar": true,
          "expr": "sum(rate(queue_raftsnapshot_process_failure{job=\"cockroachdb\",cluster=\"$cluster\",instance=~\"$node\"}[$__rate_interval]))",
          "interval": "",
          "intervalFactor": 2,
          "legendFormat": "Raft Snapshot",
          "refId": "F"
        },
        {
          "exemplar": true,
          "expr": "sum(rate(queue_tsmaintenance_process_failure{job=\"cockroachdb\", cluster=\"$cluster\",instance=~\"$node\"}[$__rate_interval]))",
          "interval": "",
          "intervalFactor": 2,
          "legendFormat": "Time Series Maintenance",
          "refId": "G"
        }
      ],
      "thresholds": [],
      "timeFrom": null,
      "timeRegions": [],
      "timeShift": null,
      "title": "Queue Processing Failures",
      "tooltip": {
        "shared": true,
        "sort": 0,
        "value_type": "individual"
      },
      "type": "graph",
      "xaxis": {
        "buckets": null,
        "mode": "time",
        "name": null,
        "show": true,
        "values": []
      },
      "yaxes": [
        {
          "$$hashKey": "object:405",
          "format": "short",
          "label": "failures",
          "logBase": 1,
          "max": "1",
          "min": "0",
          "show": true
        },
        {
          "$$hashKey": "object:406",
          "format": "short",
          "label": null,
          "logBase": 1,
          "max": null,
          "min": null,
          "show": true
        }
      ],
      "yaxis": {
        "align": false,
        "alignLevel": null
      }
    },
    {
      "aliasColors": {},
      "bars": false,
      "dashLength": 10,
      "dashes": false,
      "datasource": "${DS_PROMETHEUS}",
      "fieldConfig": {
        "defaults": {},
        "overrides": []
      },
      "fill": 1,
      "fillGradient": 0,
      "gridPos": {
        "h": 8,
        "w": 24,
        "x": 0,
        "y": 8
      },
      "hiddenSeries": false,
      "id": 4,
      "legend": {
        "avg": false,
        "current": false,
        "max": false,
        "min": false,
        "show": true,
        "total": false,
        "values": false
      },
      "lines": true,
      "linewidth": 1,
      "nullPointMode": "null",
      "options": {
        "alertThreshold": true
      },
      "percentage": false,
      "pluginVersion": "",
      "pointradius": 2,
      "points": false,
      "renderer": "flot",
      "seriesOverrides": [],
      "spaceLength": 10,
      "stack": false,
      "steppedLine": false,
      "targets": [
        {
          "exemplar": true,
          "expr": "sum(rate(queue_gc_processingnanos{job=\"cockroachdb\",cluster=\"$cluster\",instance=~\"$node\"}[$__rate_interval]))",
          "interval": "",
          "legendFormat": "GC",
          "refId": "G"
        },
        {
          "exemplar": true,
          "expr": "sum(rate(queue_replicagc_processingnanos{job=\"cockroachdb\",cluster=\"$cluster\",instance=~\"$node\"}[$__rate_interval]))",
          "interval": "",
          "legendFormat": "Replica GC",
          "refId": "A"
        },
        {
          "exemplar": true,
          "expr": "sum(rate(queue_replicate_processingnanos{job=\"cockroachdb\",cluster=\"$cluster\",instance=~\"$node\"}[$__rate_interval]))",
          "interval": "",
          "legendFormat": "Replication",
          "refId": "C"
        },
        {
          "exemplar": true,
          "expr": "sum(rate(queue_split_processingnanos{job=\"cockroachdb\",cluster=\"$cluster\",instance=~\"$node\"}[$__rate_interval]))",
          "interval": "",
          "legendFormat": "Split",
          "refId": "B"
        },
        {
          "exemplar": true,
          "expr": "sum(rate(queue_consistency_processingnanos{job=\"cockroachdb\",cluster=\"$cluster\",instance=~\"$node\"}[$__rate_interval]))",
          "interval": "",
          "legendFormat": "Consistency",
          "refId": "D"
        },
        {
          "exemplar": true,
          "expr": "sum(rate(queue_raftlog_processingnanos{job=\"cockroachdb\",cluster=\"$cluster\",instance=~\"$node\"}[$__rate_interval]))",
          "interval": "",
          "legendFormat": "Raft Log",
          "refId": "E"
        },
        {
          "exemplar": true,
          "expr": "sum(rate(queue_raftsnapshot_processingnanos{job=\"cockroachdb\",cluster=\"$cluster\",instance=~\"$node\"}[$__rate_interval]))",
          "interval": "",
          "legendFormat": "Raft Snapshot",
          "refId": "F"
        },
        {
          "exemplar": true,
          "expr": "sum(rate(queue_tsmaintenance_processingnanos{job=\"cockroachdb\",cluster=\"$cluster\",instance=~\"$node\"}[$__rate_interval]))",
          "interval": "",
          "legendFormat": "Time Series Maintenance",
          "refId": "H"
        }
      ],
      "thresholds": [],
      "timeFrom": null,
      "timeRegions": [],
      "timeShift": null,
      "title": "Queue Processing Times",
      "tooltip": {
        "shared": true,
        "sort": 0,
        "value_type": "individual"
      },
      "type": "graph",
      "xaxis": {
        "buckets": null,
        "mode": "time",
        "name": null,
        "show": true,
        "values": []
      },
      "yaxes": [
        {
          "$$hashKey": "object:458",
          "format": "ns",
          "label": "processing time",
          "logBase": 1,
          "max": null,
          "min": "0",
          "show": true
        },
        {
          "$$hashKey": "object:459",
          "format": "short",
          "label": null,
          "logBase": 1,
          "max": null,
          "min": null,
          "show": true
        }
      ],
      "yaxis": {
        "align": false,
        "alignLevel": null
      }
    },
    {
      "aliasColors": {},
      "bars": false,
      "dashLength": 10,
      "dashes": false,
      "datasource": null,
      "fieldConfig": {
        "defaults": {},
        "overrides": []
      },
      "fill": 1,
      "fillGradient": 0,
      "gridPos": {
        "h": 8,
        "w": 24,
        "x": 0,
        "y": 16
      },
      "hiddenSeries": false,
      "id": 6,
      "legend": {
        "avg": false,
        "current": false,
        "max": false,
        "min": false,
        "show": true,
        "total": false,
        "values": false
      },
      "lines": true,
      "linewidth": 1,
      "nullPointMode": "null",
      "options": {
        "alertThreshold": true
      },
      "percentage": false,
      "pluginVersion": "",
      "pointradius": 2,
      "points": false,
      "renderer": "flot",
      "seriesOverrides": [],
      "spaceLength": 10,
      "stack": false,
      "steppedLine": false,
      "targets": [
        {
          "exemplar": true,
          "expr": "sum(rate(queue_gc_info_transactionspangccommitted{job=\"cockroachdb\", cluster=\"$cluster\",instance=~\"$node\"}[$__rate_interval]))",
          "interval": "",
          "intervalFactor": 2,
          "legendFormat": "Successful Actions / sec",
          "refId": "A"
        },
        {
          "exemplar": true,
          "expr": "sum(rate(queue_gc_info_transactionspangcpending{job=\"cockroachdb\", cluster=\"$cluster\",instance=~\"$node\"}[$__rate_interval]))",
          "interval": "",
          "intervalFactor": 2,
          "legendFormat": "Pending Actions",
          "refId": "B"
        },
        {
          "exemplar": true,
          "expr": "sum(rate(queue_replicate_removedeadreplica{job=\"cockroachdb\",cluster=\"$cluster\",instance=~\"$node\"}[$__rate_interval]))",
          "interval": "",
          "legendFormat": "Replicas Removed / sec",
          "refId": "C"
        }
      ],
      "thresholds": [],
      "timeFrom": null,
      "timeRegions": [],
      "timeShift": null,
      "title": "Replica GC Queue",
      "tooltip": {
        "shared": true,
        "sort": 0,
        "value_type": "individual"
      },
      "type": "graph",
      "xaxis": {
        "buckets": null,
        "mode": "time",
        "name": null,
        "show": true,
        "values": []
      },
      "yaxes": [
        {
          "$$hashKey": "object:562",
          "format": "short",
          "label": "actions",
          "logBase": 1,
          "max": null,
          "min": "0",
          "show": true
        },
        {
          "$$hashKey": "object:563",
          "format": "short",
          "label": null,
          "logBase": 1,
          "max": null,
          "min": null,
          "show": true
        }
      ],
      "yaxis": {
        "align": false,
        "alignLevel": null
      }
    },
    {
      "aliasColors": {},
      "bars": false,
      "dashLength": 10,
      "dashes": false,
      "datasource": null,
      "fieldConfig": {
        "defaults": {},
        "overrides": []
      },
      "fill": 1,
      "fillGradient": 0,
      "gridPos": {
        "h": 8,
        "w": 24,
        "x": 0,
        "y": 24
      },
      "hiddenSeries": false,
      "id": 20,
      "legend": {
        "avg": false,
        "current": false,
        "max": false,
        "min": false,
        "show": true,
        "total": false,
        "values": false
      },
      "lines": true,
      "linewidth": 1,
      "nullPointMode": "null",
      "options": {
        "alertThreshold": true
      },
      "percentage": false,
      "pluginVersion": "",
      "pointradius": 2,
      "points": false,
      "renderer": "flot",
      "seriesOverrides": [],
      "spaceLength": 10,
      "stack": false,
      "steppedLine": false,
      "targets": [
        {
          "exemplar": true,
          "expr": "sum(rate(queue_replicate_process_success{job=\"cockroachdb\",cluster=~\"$cluster\",instance=~\"$node\"}[$__rate_interval]))",
          "interval": "",
          "legendFormat": "Successful Actions / sec",
          "refId": "A"
        },
        {
          "exemplar": true,
          "expr": "sum(rate(queue_replicate_pending{job=\"cockroachdb\",cluster=~\"$cluster\",instance=~\"$node\"}[$__rate_interval]))",
          "hide": false,
          "interval": "",
          "legendFormat": "Pending Actions",
          "refId": "B"
        },
        {
          "exemplar": true,
          "expr": "sum(rate(queue_replicate_addreplica{job=\"cockroachdb\",cluster=~\"$cluster\",instance=~\"$node\"}[$__rate_interval]))",
          "hide": false,
          "interval": "",
          "legendFormat": "Replicas Added / sec",
          "refId": "C"
        },
        {
          "exemplar": true,
          "expr": "sum(rate(queue_replicate_removereplica{job=\"cockroachdb\",cluster=~\"$cluster\",instance=~\"$node\"}[$__rate_interval]))",
          "hide": false,
          "interval": "",
          "legendFormat": "Replicas Removed / sec",
          "refId": "D"
        },
        {
          "exemplar": true,
          "expr": "sum(rate(queue_replicate_removedeadreplica{job=\"cockroachdb\",cluster=~\"$cluster\",instance=~\"$node\"}[$__rate_interval]))",
          "hide": false,
          "interval": "",
          "legendFormat": "Dead Replicas Removed / sec",
          "refId": "E"
        },
        {
          "exemplar": true,
          "expr": "sum(rate(queue_replicate_removelearnerreplica{job=\"cockroachdb\",cluster=~\"$cluster\",instance=~\"$node\"}[$__rate_interval]))",
          "hide": false,
          "interval": "",
          "legendFormat": "Learner Replicas Removed / sec",
          "refId": "F"
        },
        {
          "exemplar": true,
          "expr": "sum(rate(queue_replicate_rebalancereplica{job=\"cockroachdb\",cluster=~\"$cluster\",instance=~\"$node\"}[$__rate_interval]))",
          "hide": false,
          "interval": "",
          "legendFormat": "Replicas Rebalanced / sec",
          "refId": "G"
        },
        {
          "exemplar": true,
          "expr": "sum(rate(queue_replicate_transferlease{job=\"cockroachdb\",cluster=~\"$cluster\",instance=~\"$node\"}[$__rate_interval]))",
          "hide": false,
          "interval": "",
          "legendFormat": "Leases Transferred / sec",
          "refId": "H"
        },
        {
          "exemplar": true,
          "expr": "sum(rate(queue_replicate_purgatory{job=\"cockroachdb\",cluster=~\"$cluster\",instance=~\"$node\"}[$__rate_interval]))",
          "hide": false,
          "interval": "",
          "legendFormat": "Replicas in Purgatory",
          "refId": "I"
        }
      ],
      "thresholds": [],
      "timeFrom": null,
      "timeRegions": [],
      "timeShift": null,
      "title": "Replication Queue",
      "tooltip": {
        "shared": true,
        "sort": 0,
        "value_type": "individual"
      },
      "type": "graph",
      "xaxis": {
        "buckets": null,
        "mode": "time",
        "name": null,
        "show": true,
        "values": []
      },
      "yaxes": [
        {
          "$$hashKey": "object:83",
          "format": "short",
          "label": "actions",
          "logBase": 1,
          "max": null,
          "min": "0",
          "show": true
        },
        {
          "$$hashKey": "object:84",
          "format": "short",
          "label": null,
          "logBase": 1,
          "max": null,
          "min": "0",
          "show": true
        }
      ],
      "yaxis": {
        "align": false,
        "alignLevel": null
      }
    },
    {
      "aliasColors": {},
      "bars": false,
      "dashLength": 10,
      "dashes": false,
      "datasource": null,
      "fieldConfig": {
        "defaults": {},
        "overrides": []
      },
      "fill": 1,
      "fillGradient": 0,
      "gridPos": {
        "h": 8,
        "w": 24,
        "x": 0,
        "y": 32
      },
      "hiddenSeries": false,
      "id": 8,
      "legend": {
        "avg": false,
        "current": false,
        "max": false,
        "min": false,
        "show": true,
        "total": false,
        "values": false
      },
      "lines": true,
      "linewidth": 1,
      "nullPointMode": "null",
      "options": {
        "alertThreshold": true
      },
      "percentage": false,
      "pluginVersion": "",
      "pointradius": 2,
      "points": false,
      "renderer": "flot",
      "seriesOverrides": [],
      "spaceLength": 10,
      "stack": false,
      "steppedLine": false,
      "targets": [
        {
          "exemplar": true,
          "expr": "sum(rate(queue_split_process_success{job=\"cockroachdb\",cluster=\"$cluster\",instance=~\"$node\"}[$__rate_interval]))",
          "interval": "",
          "legendFormat": "Successful Actions / sec",
          "refId": "A"
        },
        {
          "exemplar": true,
          "expr": "sum(rate(queue_split_pending{job=\"cockroachdb\",cluster=\"$cluster\",instance=~\"$node\"}[$__rate_interval]))",
          "interval": "",
          "legendFormat": "Pending Actions",
          "refId": "B"
        }
      ],
      "thresholds": [],
      "timeFrom": null,
      "timeRegions": [],
      "timeShift": null,
      "title": "Split Queue",
      "tooltip": {
        "shared": true,
        "sort": 0,
        "value_type": "individual"
      },
      "type": "graph",
      "xaxis": {
        "buckets": null,
        "mode": "time",
        "name": null,
        "show": true,
        "values": []
      },
      "yaxes": [
        {
          "$$hashKey": "object:615",
          "format": "short",
          "label": "actions",
          "logBase": 1,
          "max": null,
          "min": "0",
          "show": true
        },
        {
          "$$hashKey": "object:616",
          "format": "short",
          "label": null,
          "logBase": 1,
          "max": null,
          "min": null,
          "show": true
        }
      ],
      "yaxis": {
        "align": false,
        "alignLevel": null
      }
    },
    {
      "aliasColors": {},
      "bars": false,
      "dashLength": 10,
      "dashes": false,
      "datasource": null,
      "fieldConfig": {
        "defaults": {},
        "overrides": []
      },
      "fill": 1,
      "fillGradient": 0,
      "gridPos": {
        "h": 8,
        "w": 24,
        "x": 0,
        "y": 40
      },
      "hiddenSeries": false,
      "id": 17,
      "legend": {
        "avg": false,
        "current": false,
        "max": false,
        "min": false,
        "show": true,
        "total": false,
        "values": false
      },
      "lines": true,
      "linewidth": 1,
      "nullPointMode": "null",
      "options": {
        "alertThreshold": true
      },
      "percentage": false,
      "pluginVersion": "",
      "pointradius": 2,
      "points": false,
      "renderer": "flot",
      "seriesOverrides": [],
      "spaceLength": 10,
      "stack": false,
      "steppedLine": false,
      "targets": [
        {
          "exemplar": true,
          "expr": "sum(rate(queue_merge_process_success{job=\"cockroachdb\",cluster=\"$cluster\",instance=~\"$node\"}[$__rate_interval]))",
          "interval": "",
          "legendFormat": "Successful Actions / sec",
          "refId": "A"
        },
        {
          "exemplar": true,
          "expr": "sum(rate(queue_merge_pending{job=\"cockroachdb\",cluster=\"$cluster\",instance=~\"$node\"}[$__rate_interval]))",
          "interval": "",
          "legendFormat": "Pending Actions",
          "refId": "B"
        }
      ],
      "thresholds": [],
      "timeFrom": null,
      "timeRegions": [],
      "timeShift": null,
      "title": "Merge Queue",
      "tooltip": {
        "shared": true,
        "sort": 0,
        "value_type": "individual"
      },
      "type": "graph",
      "xaxis": {
        "buckets": null,
        "mode": "time",
        "name": null,
        "show": true,
        "values": []
      },
      "yaxes": [
        {
          "$$hashKey": "object:615",
          "format": "short",
          "label": "actions",
          "logBase": 1,
          "max": null,
          "min": "0",
          "show": true
        },
        {
          "$$hashKey": "object:616",
          "format": "short",
          "label": null,
          "logBase": 1,
          "max": null,
          "min": null,
          "show": true
        }
      ],
      "yaxis": {
        "align": false,
        "alignLevel": null
      }
    },
    {
      "aliasColors": {},
      "bars": false,
      "dashLength": 10,
      "dashes": false,
      "datasource": null,
      "fieldConfig": {
        "defaults": {},
        "overrides": []
      },
      "fill": 1,
      "fillGradient": 0,
      "gridPos": {
        "h": 8,
        "w": 24,
        "x": 0,
        "y": 48
      },
      "hiddenSeries": false,
      "id": 18,
      "legend": {
        "avg": false,
        "current": false,
        "max": false,
        "min": false,
        "show": true,
        "total": false,
        "values": false
      },
      "lines": true,
      "linewidth": 1,
      "nullPointMode": "null",
      "options": {
        "alertThreshold": true
      },
      "percentage": false,
      "pluginVersion": "",
      "pointradius": 2,
      "points": false,
      "renderer": "flot",
      "seriesOverrides": [],
      "spaceLength": 10,
      "stack": false,
      "steppedLine": false,
      "targets": [
        {
          "exemplar": true,
          "expr": "sum(rate(queue_gc_process_success{job=\"cockroachdb\",cluster=\"$cluster\",instance=~\"$node\"}[$__rate_interval]))",
          "interval": "",
          "legendFormat": "Successful Actions / sec",
          "refId": "A"
        },
        {
          "exemplar": true,
          "expr": "sum(rate(queue_gc_pending{job=\"cockroachdb\",cluster=\"$cluster\",instance=~\"$node\"}[$__rate_interval]))",
          "interval": "",
          "legendFormat": "Pending Actions",
          "refId": "B"
        }
      ],
      "thresholds": [],
      "timeFrom": null,
      "timeRegions": [],
      "timeShift": null,
      "title": "GC Queue",
      "tooltip": {
        "shared": true,
        "sort": 0,
        "value_type": "individual"
      },
      "type": "graph",
      "xaxis": {
        "buckets": null,
        "mode": "time",
        "name": null,
        "show": true,
        "values": []
      },
      "yaxes": [
        {
          "$$hashKey": "object:615",
          "format": "short",
          "label": "actions",
          "logBase": 1,
          "max": null,
          "min": "0",
          "show": true
        },
        {
          "$$hashKey": "object:616",
          "format": "short",
          "label": null,
          "logBase": 1,
          "max": null,
          "min": null,
          "show": true
        }
      ],
      "yaxis": {
        "align": false,
        "alignLevel": null
      }
    },
    {
      "aliasColors": {},
      "bars": false,
      "dashLength": 10,
      "dashes": false,
      "datasource": null,
      "fieldConfig": {
        "defaults": {},
        "overrides": []
      },
      "fill": 1,
      "fillGradient": 0,
      "gridPos": {
        "h": 8,
        "w": 24,
        "x": 0,
        "y": 56
      },
      "hiddenSeries": false,
      "id": 10,
      "legend": {
        "avg": false,
        "current": false,
        "max": false,
        "min": false,
        "show": true,
        "total": false,
        "values": false
      },
      "lines": true,
      "linewidth": 1,
      "nullPointMode": "null",
      "options": {
        "alertThreshold": true
      },
      "percentage": false,
      "pluginVersion": "",
      "pointradius": 2,
      "points": false,
      "renderer": "flot",
      "seriesOverrides": [],
      "spaceLength": 10,
      "stack": false,
      "steppedLine": false,
      "targets": [
        {
          "exemplar": true,
          "expr": "sum(rate(queue_raftlog_process_success{job=\"cockroachdb\",cluster=\"$cluster\",instance=~\"$node\"}[$__rate_interval]))",
          "interval": "",
          "legendFormat": "Successful Actions / sec",
          "refId": "B"
        },
        {
          "exemplar": true,
          "expr": "sum(rate(queue_raftlog_pending{job=\"cockroachdb\",cluster=\"$cluster\",instance=~\"$node\"}[$__rate_interval]))",
          "interval": "",
          "legendFormat": "Pending Actions",
          "refId": "A"
        }
      ],
      "thresholds": [],
      "timeFrom": null,
      "timeRegions": [],
      "timeShift": null,
      "title": "Raft Log Queue",
      "tooltip": {
        "shared": true,
        "sort": 0,
        "value_type": "individual"
      },
      "type": "graph",
      "xaxis": {
        "buckets": null,
        "mode": "time",
        "name": null,
        "show": true,
        "values": []
      },
      "yaxes": [
        {
          "$$hashKey": "object:719",
          "format": "short",
          "label": "actions",
          "logBase": 1,
          "max": null,
          "min": "0",
          "show": true
        },
        {
          "$$hashKey": "object:720",
          "format": "short",
          "label": null,
          "logBase": 1,
          "max": null,
          "min": null,
          "show": true
        }
      ],
      "yaxis": {
        "align": false,
        "alignLevel": null
      }
    },
    {
      "aliasColors": {},
      "bars": false,
      "dashLength": 10,
      "dashes": false,
      "datasource": null,
      "fieldConfig": {
        "defaults": {},
        "overrides": []
      },
      "fill": 1,
      "fillGradient": 0,
      "gridPos": {
        "h": 8,
        "w": 24,
        "x": 0,
        "y": 64
      },
      "hiddenSeries": false,
      "id": 12,
      "legend": {
        "avg": false,
        "current": false,
        "max": false,
        "min": false,
        "show": true,
        "total": false,
        "values": false
      },
      "lines": true,
      "linewidth": 1,
      "nullPointMode": "null",
      "options": {
        "alertThreshold": true
      },
      "percentage": false,
      "pluginVersion": "",
      "pointradius": 2,
      "points": false,
      "renderer": "flot",
      "seriesOverrides": [],
      "spaceLength": 10,
      "stack": false,
      "steppedLine": false,
      "targets": [
        {
          "exemplar": true,
          "expr": "sum(rate(queue_raftsnapshot_process_success{job=\"cockroachdb\",cluster=\"$cluster\"}[$__rate_interval]))",
          "interval": "",
          "legendFormat": "Successful Actions / sec",
          "refId": "A"
        },
        {
          "exemplar": true,
          "expr": "sum(rate(queue_raftsnapshot_pending{job=\"cockroachdb\",cluster=\"$cluster\",instance=~\"$node\"}[$__rate_interval]))",
          "interval": "",
          "legendFormat": "Pending Actions",
          "refId": "B"
        }
      ],
      "thresholds": [],
      "timeFrom": null,
      "timeRegions": [],
      "timeShift": null,
      "title": "Raft Snapshot Queue",
      "tooltip": {
        "shared": true,
        "sort": 0,
        "value_type": "individual"
      },
      "type": "graph",
      "xaxis": {
        "buckets": null,
        "mode": "time",
        "name": null,
        "show": true,
        "values": []
      },
      "yaxes": [
        {
          "$$hashKey": "object:772",
          "format": "short",
          "label": "actions",
          "logBase": 1,
          "max": null,
          "min": "0",
          "show": true
        },
        {
          "$$hashKey": "object:773",
          "format": "short",
          "label": null,
          "logBase": 1,
          "max": null,
          "min": null,
          "show": true
        }
      ],
      "yaxis": {
        "align": false,
        "alignLevel": null
      }
    },
    {
      "aliasColors": {},
      "bars": false,
      "dashLength": 10,
      "dashes": false,
      "datasource": null,
      "fieldConfig": {
        "defaults": {},
        "overrides": []
      },
      "fill": 1,
      "fillGradient": 0,
      "gridPos": {
        "h": 8,
        "w": 24,
        "x": 0,
        "y": 72
      },
      "hiddenSeries": false,
      "id": 14,
      "legend": {
        "avg": false,
        "current": false,
        "max": false,
        "min": false,
        "show": true,
        "total": false,
        "values": false
      },
      "lines": true,
      "linewidth": 1,
      "nullPointMode": "null",
      "options": {
        "alertThreshold": true
      },
      "percentage": false,
      "pluginVersion": "",
      "pointradius": 2,
      "points": false,
      "renderer": "flot",
      "seriesOverrides": [],
      "spaceLength": 10,
      "stack": false,
      "steppedLine": false,
      "targets": [
        {
          "exemplar": true,
          "expr": "sum(rate(queue_consistency_process_success{job=\"cockroachdb\",cluster=\"$cluster\",instance=~\"$node\"}[$__rate_interval]))",
          "interval": "",
          "legendFormat": "Successful Actions / sec",
          "refId": "A"
        },
        {
          "exemplar": true,
          "expr": "sum(queue_consistency_pending{job=\"cockroachdb\",cluster=\"$cluster\",instance=~\"$node\"})",
          "interval": "",
          "legendFormat": "Pending Actions",
          "refId": "B"
        }
      ],
      "thresholds": [],
      "timeFrom": null,
      "timeRegions": [],
      "timeShift": null,
      "title": "Consistency Checker Queue",
      "tooltip": {
        "shared": true,
        "sort": 0,
        "value_type": "individual"
      },
      "type": "graph",
      "xaxis": {
        "buckets": null,
        "mode": "time",
        "name": null,
        "show": true,
        "values": []
      },
      "yaxes": [
        {
          "$$hashKey": "object:825",
          "format": "short",
          "label": "actions",
          "logBase": 1,
          "max": null,
          "min": "0",
          "show": true
        },
        {
          "$$hashKey": "object:826",
          "format": "short",
          "label": null,
          "logBase": 1,
          "max": null,
          "min": null,
          "show": true
        }
      ],
      "yaxis": {
        "align": false,
        "alignLevel": null
      }
    },
    {
      "aliasColors": {},
      "bars": false,
      "dashLength": 10,
      "dashes": false,
      "datasource": null,
      "fieldConfig": {
        "defaults": {},
        "overrides": []
      },
      "fill": 1,
      "fillGradient": 0,
      "gridPos": {
        "h": 8,
        "w": 24,
        "x": 0,
        "y": 80
      },
      "hiddenSeries": false,
      "id": 16,
      "legend": {
        "avg": false,
        "current": false,
        "max": false,
        "min": false,
        "show": true,
        "total": false,
        "values": false
      },
      "lines": true,
      "linewidth": 1,
      "nullPointMode": "null",
      "options": {
        "alertThreshold": true
      },
      "percentage": false,
      "pluginVersion": "",
      "pointradius": 2,
      "points": false,
      "renderer": "flot",
      "seriesOverrides": [],
      "spaceLength": 10,
      "stack": false,
      "steppedLine": false,
      "targets": [
        {
          "exemplar": true,
          "expr": "sum(rate(queue_tsmaintenance_process_success{job=\"cockroachdb\",cluster=\"$cluster\",instance=~\"$node\"}[$__rate_interval]))",
          "interval": "",
          "legendFormat": "Successful Actions / sec",
          "refId": "A"
        },
        {
          "exemplar": true,
          "expr": "sum(rate(queue_tsmaintenance_pending{job=\"cockroachdb\",cluster=\"$cluster\",instance=~\"$node\"}[$__rate_interval]))",
          "interval": "",
          "legendFormat": "Pending Actions",
          "refId": "B"
        }
      ],
      "thresholds": [],
      "timeFrom": null,
      "timeRegions": [],
      "timeShift": null,
      "title": "Time Series Maintenance Queue",
      "tooltip": {
        "shared": true,
        "sort": 0,
        "value_type": "individual"
      },
      "type": "graph",
      "xaxis": {
        "buckets": null,
        "mode": "time",
        "name": null,
        "show": true,
        "values": []
      },
      "yaxes": [
        {
          "$$hashKey": "object:1031",
          "format": "short",
          "label": "actions",
          "logBase": 1,
          "max": null,
          "min": "0",
          "show": true
        },
        {
          "$$hashKey": "object:1032",
          "format": "short",
          "label": null,
          "logBase": 1,
          "max": null,
          "min": null,
          "show": true
        }
      ],
      "yaxis": {
        "align": false,
        "alignLevel": null
      }
    }
  ],
  "refresh": false,
  "schemaVersion": 27,
  "style": "dark",
  "tags": [],
  "templating": {
    "list": [
      {
        "current": {
          "selected": false,
          "text": "Prometheus",
          "value": "Prometheus"
        },
        "description": null,
        "error": null,
        "hide": 0,
        "includeAll": false,
        "label": "datasource",
        "multi": false,
        "name": "DS_PROMETHEUS",
        "options": [],
        "query": "prometheus",
        "refresh": 1,
        "regex": "",
        "skipUrlSync": false,
        "type": "datasource"
      },
      {
        "allValue": null,
        "current": {
          "selected": false,
          "text": "my-cockroachdb-cluster",
          "value": "my-cockroachdb-cluster"
        },
        "datasource": "${DS_PROMETHEUS}",
        "definition": "sys_uptime{job=\"cockroachdb\"}",
        "description": null,
        "error": null,
        "hide": 0,
        "includeAll": false,
        "label": "Cluster",
        "multi": false,
        "name": "cluster",
        "options": [],
        "query": {
          "query": "sys_uptime{job=\"cockroachdb\"}",
          "refId": "Prometheus-cluster-Variable-Query"
        },
        "refresh": 1,
        "regex": "/cluster=\"([^\"]+)\"/",
        "skipUrlSync": false,
        "sort": 1,
        "tagValuesQuery": "",
        "tags": [],
        "tagsQuery": "",
        "type": "query",
        "useTags": false
      },
      {
        "allValue": "",
        "current": {
          "selected": false,
          "text": "All",
          "value": "$__all"
        },
        "datasource": "${DS_PROMETHEUS}",
        "definition": "label_values(sys_uptime{job=\"cockroachdb\",cluster=\"$cluster\"},instance)",
        "description": null,
        "error": null,
        "hide": 0,
        "includeAll": true,
        "label": "Node",
        "multi": false,
        "name": "node",
        "options": [],
        "query": {
          "query": "label_values(sys_uptime{job=\"cockroachdb\",cluster=\"$cluster\"},instance)",
          "refId": "Prometheus-node-Variable-Query"
        },
        "refresh": 1,
        "regex": "",
        "skipUrlSync": false,
        "sort": 1,
        "tagValuesQuery": "",
        "tags": [],
        "tagsQuery": "",
        "type": "query",
        "useTags": false
      },
      {
        "auto": false,
        "auto_count": 30,
        "auto_min": "10s",
        "current": {
          "selected": false,
          "text": "30s",
          "value": "30s"
        },
        "description": null,
        "error": null,
        "hide": 0,
        "label": "Rate Interval",
        "name": "rate_interval",
        "options": [
          {
            "selected": true,
            "text": "30s",
            "value": "30s"
          },
          {
            "selected": false,
            "text": "1m",
            "value": "1m"
          },
          {
            "selected": false,
            "text": "5m",
            "value": "5m"
          },
          {
            "selected": false,
            "text": "10m",
            "value": "10m"
          },
          {
            "selected": false,
            "text": "30m",
            "value": "30m"
          },
          {
            "selected": false,
            "text": "1h",
            "value": "1h"
          },
          {
            "selected": false,
            "text": "6h",
            "value": "6h"
          },
          {
            "selected": false,
            "text": "12h",
            "value": "12h"
          },
          {
            "selected": false,
            "text": "1d",
            "value": "1d"
          }
        ],
        "query": "30s,1m,5m,10m,30m,1h,6h,12h,1d",
        "queryValue": "",
        "refresh": 2,
        "skipUrlSync": false,
        "type": "interval"
      }
    ]
  },
  "time": {
    "from": "now-1h",
    "to": "now"
  },
  "timepicker": {},
  "timezone": "browser",
  "title": "CRDB Console: Queues",
  "uid": "crdb-console-queues",
  "version": 2
}
